id,emp_name,address,email,salary
1,chinnu bokinala,Lusigang,aparadise0@mediafire.com,356204
2,Rikki,Maloyaroslavets,rdavidge1@topsy.com,131234
3,Zelig,Cardona,zhensmans2@hao123.com,127698
4,Sylas,Faleula,sjeratt3@wikipedia.org,56577
5,Marylou,Galis Dua,mhought4@infoseek.co.jp,66483
6,Wilie,Kembangkerang Satu,wweedenburg5@flavors.me,101050
7,Leonardo,Diang,lsaltman6@usa.gov,168875
8,Clemmie,Laholm,cbiggins7@japanpost.jp,74254
9,Allix,Svrljig,adownage8@state.tx.us,147405
10,Abram,Trångsund,awebling9@webeden.co.uk,140657
11,Trina,Lawa-an,telfleeta@bigcartel.com,85998
12,Trent,Yaozhou,tvedeshkinb@bloomberg.com,52498
13,Joycelin,Zhongxiang,jegdalc@mashable.com,55020
14,Che,Caotan,clamperdd@scribd.com,53221
15,Audrey,Itabaianinha,aharwine@bbc.co.uk,43256
16,Melody,Yiqian,mcleref@blogs.com,34226
17,Sarine,Lianghu,sgronnog@tumblr.com,20885
18,Cecilius,Tangxing,clazellh@ed.gov,61050
19,Lind,Acopampa,lsebastiani@samsung.com,133286
20,Celisse,Limbuhan,cgoodswenj@cbsnews.com,57021
21,Meg,Jieheshi,misakovitchk@zimbio.com,40323
22,Rouvin,Calauag,rschustl@posterous.com,157120
23,Peyton,Yanling,prozierm@ucsd.edu,99578
24,Jermaine,Kalwaria Zebrzydowska,jdallonn@howstuffworks.com,63192
25,Giordano,Īz̄eh,gkeetleyo@intel.com,61796
26,Brigham,Liushutun,bbaskerfieldp@mozilla.com,12802
27,Harli,Ondores,hzannottiq@samsung.com,94857
28,Barnabe,Qintang,bkortr@studiopress.com,107385
29,Leighton,Épinal,ltalloes@yandex.ru,135176
30,Adrian,Itumbiara,ajakoubect@bandcamp.com,33236
31,Vin,Mili,vtukesbyu@de.vu,139026
32,Lydon,Tianfen,lbruckv@php.net,105429
33,Wallie,Az Zarqā,wblackmoorw@fotki.com,79117
34,Kerry,Skärholmen,kgalletleyx@soup.io,107507
35,Noelle,Colmar,nbeckey@vimeo.com,108838
36,Daryl,Kuala Terengganu,dsnailhamz@shareasale.com,149224
37,Bren,Kuantan,bprendergrass10@mac.com,102136
38,Skelly,Anuradhapura,syouhill11@fc2.com,162448
39,Saidee,Hammam Sousse,struitt12@usgs.gov,149940
40,Warren,Wates,wdemeyer13@sfgate.com,87300
41,Guenevere,Tambaksari,gantusch14@state.gov,121950
42,Omar,Stupari,okynastone15@cam.ac.uk,35737
43,Krishna,Pasirreungit,kingerman16@biblegateway.com,48865
44,Bertrando,Kopong,bbromfield17@upenn.edu,56280
45,Teressa,Veracruz,tchastey18@flickr.com,100169
46,Lemuel,Uppsala,lrizzetti19@opera.com,167254
47,Pauletta,Angan,pprobyn1a@slideshare.net,82624
48,Marleah,Hane,mquinnell1b@paginegialle.it,76478
49,Diana,Payxambabazar,dstolberg1c@intel.com,125124
50,Marmaduke,Silao,mfarlowe1d@intel.com,23670
51,Clovis,Uychi,cnoni1e@ibm.com,36553
52,Allin,Popovice,abende1f@adobe.com,169181
53,Celestia,Amadora,ckarran1g@cyberchimps.com,29297
54,Gaile,Phoenix,ggoozee1h@rambler.ru,123180
55,Ailee,Chengxiang,asherwill1i@google.ca,117956
56,Dierdre,Nyapar,dgabbitas1j@51.la,101385
57,Currey,Noling,ceagers1k@reference.com,21144
58,Shem,Zhongchuan,salvarez1l@rakuten.co.jp,40707
59,Lynnett,Vazante,lholworth1m@joomla.org,107449
60,Alayne,Kameda-honchō,amarusyak1n@prlog.org,168575
61,Cory,Sinait,ckensall1o@uiuc.edu,78316
62,Stephie,Yetang,sswepson1p@jimdo.com,169726
63,Ilaire,Cotahuasi,ipask1q@netvibes.com,80519
64,Ellwood,Sesheke,eridout1r@netlog.com,31849
65,Roderic,Juegang,rmcsporon1s@addtoany.com,151475
66,Curcio,Tanbuqiao,cpindar1t@scribd.com,48771
67,Alley,Sơn Trà,apalatino1u@yelp.com,163610
68,Irena,Tanguá,ifountain1v@netvibes.com,97892
69,Dianemarie,Trail,dlordon1w@usatoday.com,162894
70,Elvera,Sparks,epohls1x@fastcompany.com,162597
71,Ches,Taipingying,chugett1y@icio.us,40224
72,Alec,Canala,aorwin1z@columbia.edu,10624
73,Zaria,Sępopol,zcrowder20@hhs.gov,35642
74,Starlin,Cruz,smucillo21@myspace.com,132769
75,Amabel,Abóboda,arissom22@newyorker.com,135828
76,Aleda,Thanh Xuân,ashevelin23@webeden.co.uk,107624
77,Dewitt,Markópoulo Oropoú,dtiley24@theatlantic.com,62834
78,Randie,Katiola,rkenson25@ucsd.edu,95516
79,Derward,Fengjiang,dcalrow26@hugedomains.com,89853
80,Evelina,Los Rastrojos,ebridgnell27@sogou.com,64168
81,Gladi,São Fidélis,gokenden28@state.gov,104354
82,Lazar,Paoua,lcafe29@wiley.com,57694
83,Lamar,Pimentel,lcamelia2a@omniture.com,38413
84,Bent,Boluo,bgauvin2b@cmu.edu,13007
85,Corenda,Hongqi,cnapton2c@acquirethisname.com,139507
86,Suzanne,Lypnyazhka,spheasey2d@cdc.gov,71969
87,Dari,Lalībela,dmaestro2e@economist.com,117287
88,Valaree,Tyresö,vokinedy2f@vinaora.com,154436
89,Karlen,Dauphin,ksaket2g@barnesandnoble.com,84698
90,Roobbie,Mörrum,rgrzesiak2h@noaa.gov,130254
91,Aldous,Czarnożyły,ajerrome2i@google.com.hk,129894
92,Ann-marie,Liancheng,amccaughan2j@xrea.com,108087
93,Bennett,Huaihe,bcurl2k@issuu.com,107471
94,Daron,Buga,dcapron2l@omniture.com,43063
95,Carny,Qinshan,cspindler2m@1und1.de,30026
96,Elisabet,Dolgoprudnyy,estrattan2n@google.pl,73576
97,Torrance,Dadong,tmarke2o@godaddy.com,53118
98,Cassie,Anaco,cedger2p@youtu.be,16622
99,Willis,Zhangbagou,wdrakeford2q@zdnet.com,11156
100,Tory,Concepcion,tkavanagh2r@deviantart.com,28257
101,Bar,Nové Sedlo,bgauvin2s@trellian.com,159187
102,Luciano,Melbourne,lpobjay2t@dailymail.co.uk,114757
103,Kirk,Tignoan,kgornal2u@tripadvisor.com,138604
104,Ward,Vereya,warton2v@businessweek.com,114093
105,Goddard,Ngerengere,ggriffithe2w@chronoengine.com,48647
106,Woodman,Bangan-Oda,wleyband2x@yolasite.com,167152
107,Farica,Aghavnadzor,fdanks2y@telegraph.co.uk,22943
108,Teddie,Denver,trobey2z@amazon.com,15095
109,Issi,Jindřichov,idesporte30@typepad.com,66236
110,Barnabas,Yamoussoukro,bpardon31@tumblr.com,141081
111,Carrol,Presidente Epitácio,cgroveham32@soundcloud.com,32876
112,Trescha,Wangji,tdelaperrelle33@prnewswire.com,65385
113,Cole,Murom,clooney34@github.com,160481
114,Kennedy,Presidencia Roque Sáenz Peña,ktiebe35@ocn.ne.jp,167061
115,Demetra,Dake,dlaboune36@blogger.com,123731
116,Randa,Sigavé,rdauby37@jigsy.com,76793
117,Katrinka,Targuist,khuyghe38@yelp.com,69475
118,Fae,Thívai,fbortoletti39@reuters.com,39034
119,Margarethe,Isyangulovo,mshepley3a@gizmodo.com,146036
120,Rosemarie,Cigadog,rfilipczak3b@cdc.gov,161641
121,Amabelle,Dampit,amantripp3c@jimdo.com,61521
122,Maggy,El Soberbio,mcominello3d@shinystat.com,64090
123,Tarrance,La Argentina,tscneider3e@virginia.edu,14596
124,Sayer,Qincheng,starling3f@earthlink.net,52385
125,Cleo,Palue,coliveti3g@ameblo.jp,59819
126,Stephi,Chlumčany,sbushen3h@sciencedaily.com,115089
127,Adelice,Idvor,aourry3i@reddit.com,55585
128,Kalila,La Cocha,khasted3j@shop-pro.jp,122948
129,Patten,Saint-Laurent-Blangy,pkarolyi3k@is.gd,32208
130,Codee,Fonte,cboden3l@businesswire.com,136029
131,Gavrielle,Shezë,gtowll3m@netscape.com,75908
132,Rickey,Tembau,rbinney3n@google.co.jp,121192
133,Brennen,Sueyoshichō-ninokata,bohartnedy3o@shareasale.com,116843
134,Mora,Parada de Todeia,mlevington3p@techcrunch.com,143472
135,Quincey,Gora,qferreres3q@jalbum.net,53117
136,Linea,Jaguaquara,lweldrick3r@plala.or.jp,109330
137,Micaela,Xianyang,mjeskins3s@vk.com,111598
138,Joey,Gangkoujie,jbeaulieu3t@usa.gov,166725
139,Janet,Yurkivka,jbluck3u@fotki.com,49538
140,Lancelot,Ābyek,ldraye3v@behance.net,138567
141,Mavis,Hangbu,mberzons3w@mail.ru,94009
142,Dorri,Sadovo,dbartolijn3x@jiathis.com,141358
143,Tommy,Beiqijia,tmatiashvili3y@smh.com.au,154790
144,Doria,Port Colborne,dhugli3z@is.gd,161314
145,Paulette,Sanya,pmacconchie40@arstechnica.com,77927
146,Micky,Tangchi,miliff41@stumbleupon.com,22731
147,Babara,Solna,belion42@icio.us,125822
148,Christi,Jinghai,cspore43@epa.gov,95326
149,Lynn,Salt Lake City,lfindlay44@illinois.edu,136369
150,Arny,Nioro du Rip,amacgahey45@4shared.com,151718
151,Humbert,Laszki,hmiddleweek46@npr.org,59620
152,Bettine,Penteado,bbiesterfeld47@etsy.com,47762
153,Emeline,Bugo,eweedall48@apache.org,80734
154,Archambault,Indaial,asuttill49@moonfruit.com,10496
155,Chryste,Novosemeykino,chourihan4a@ezinearticles.com,127815
156,Audrey,Padre Bernardo,abasnall4b@chicagotribune.com,107463
157,Rafaela,Nancaicun,roglevie4c@cnbc.com,63471
158,Silvano,Lékoni,sgubbins4d@rambler.ru,76547
159,Raquel,La Unión,rrichel4e@nyu.edu,165624
160,Antonina,Gangkoujie,arysdale4f@so-net.ne.jp,42906
161,Noby,Krajan,nashborne4g@nature.com,63024
162,June,Hāgere Selam,jmylechreest4h@imageshack.us,89219
163,Ashli,Magrath,abromige4i@cmu.edu,103678
164,Ketti,Ximapo,khatliff4j@flavors.me,98133
165,Rorie,Jaruco,rtodaro4k@squidoo.com,97687
166,Ingelbert,Sandaogou,ibrogan4l@gov.uk,74503
167,Annora,Uppsala,aconibeer4m@squarespace.com,71597
168,Nichole,Haguenau,nsharply4n@dedecms.com,67346
169,Melodie,Berea,mwillicott4o@skype.com,168011
170,Valencia,Tangdong,veble4p@storify.com,143315
171,Manny,Seixo de Manhoses,mlux4q@fc2.com,78213
172,Kahaleel,Hrob,kcoppin4r@cbslocal.com,62516
173,Russ,Podporozh’ye,rboydell4s@bluehost.com,25498
174,Wye,Nangewer,wbushrod4t@omniture.com,39668
175,Barry,Ushirombo,bnavaro4u@shop-pro.jp,140022
176,Dionne,Tsaghkaber,dundrell4v@vk.com,38565
177,Emalee,Karlskoga,edewar4w@about.me,61466
178,Say,Sintra,sservice4x@tripod.com,103525
179,Yehudi,Markaz al Marīr,ydominec4y@surveymonkey.com,91512
180,Coralyn,San Jose,cbattleson4z@economist.com,77511
181,Greer,Chaltyr,glillywhite50@hibu.com,91174
182,Willem,Goranboy,wzuppa51@reddit.com,92717
183,Gustave,Orsay,gdunan52@tinyurl.com,166206
184,Shir,Kazaure,schurches53@businesswire.com,57170
185,Darsey,Changpu,dparfrey54@liveinternet.ru,148464
186,Cordy,Lobuni,cbascomb55@ocn.ne.jp,71967
187,Lira,Comalapa,lrominov56@joomla.org,131595
188,Ferdinand,Dowr-e Rabāţ,fanfusso57@usatoday.com,119946
189,Iver,Imatra,iwinspear58@pbs.org,52226
190,Delia,Ostuncalco,dperrelle59@fda.gov,87838
191,Garry,Quibdó,grides5a@gravatar.com,81117
192,Osbert,Bordeaux,olaffling5b@addthis.com,99502
193,Meaghan,Tenggun Dajah,mmilborn5c@craigslist.org,165708
194,Dun,Buensuseso,dpadell5d@wisc.edu,70213
195,Benoite,Kobylanka,bgreetland5e@dagondesign.com,67966
196,Jessie,Guicheng,jfontaine5f@slashdot.org,107695
197,Frants,Čačak,fdowding5g@home.pl,106073
198,Janetta,Matou,jkeyworth5h@ihg.com,60393
199,Dominga,Valdice,dsaurin5i@disqus.com,93121
200,Junette,Xinjia,jtwittey5j@patch.com,118882
201,Duky,Valday,dalderwick5k@thetimes.co.uk,37057
202,Raimund,Daegu,rorpyne5l@myspace.com,112413
203,Dominique,Airdrie,dbannister5m@ask.com,105476
204,Travus,Donan,tmasic5n@miitbeian.gov.cn,150546
205,Claudina,Mitú,cashborne5o@cloudflare.com,100994
206,Jeannette,Saintes,jspatarul5p@washington.edu,71539
207,Hunter,Mosul,hmincini5q@cbc.ca,51599
208,Lydon,Medang,lrodenburg5r@noaa.gov,132064
209,Fania,Brits,fjolley5s@unc.edu,117665
210,Grover,Riachos,glodford5t@cornell.edu,15664
211,Elbertina,Kraśnik,esnow5u@biblegateway.com,21644
212,Stacia,Östersund,ssercombe5v@dmoz.org,15915
213,Tiff,Xinan,tcattini5w@geocities.jp,124867
214,Minnaminnie,Ciangir,mbrentnall5x@shinystat.com,132763
215,Ephrayim,Imeni Babushkina,eberthel5y@desdev.cn,116403
216,Corabel,San Juan Ixcoy,cbussy5z@examiner.com,91833
217,Rebe,Ciperang,ruman60@npr.org,73903
218,Wheeler,Tuodian,wetchells61@cyberchimps.com,168491
219,Bertram,Borek,browan62@fda.gov,140843
220,Nola,Río Hondo,nbaigrie63@ucla.edu,110947
221,Helen-elizabeth,Srostki,hcuskery64@accuweather.com,74746
222,Bryn,Wujingfu,bdurham65@umich.edu,125202
223,Aubert,Mó,astolli66@weebly.com,127766
224,Denney,Oyama,dleithharvey67@nydailynews.com,119527
225,Alma,Póvoa do Valado,amoorerud68@dyndns.org,117108
226,Crystie,Potrerillos,ciley69@aol.com,120464
227,Pia,Basel,pdumingos6a@wufoo.com,92486
228,Zoe,Qiying,zbeverage6b@redcross.org,146867
229,Melina,Asunción Mita,mferraraccio6c@hc360.com,162236
230,Benedicto,Bobrovka,bbremmell6d@usda.gov,116730
231,Peggy,Yên Bái,plankford6e@baidu.com,40666
232,Erek,Ciusul,edalgarno6f@npr.org,159548
233,Isis,Reisdorf,iobradain6g@g.co,146164
234,Odessa,Brańsk,oduckworth6h@sina.com.cn,68678
235,Kariotta,Asnières-sur-Seine,kgrioli6i@imageshack.us,44032
236,Katharyn,São Sebastião do Passé,krolls6j@timesonline.co.uk,72366
237,Riobard,Pardubice,rtunno6k@reuters.com,19208
238,Rebeka,Dankunku,rprati6l@example.com,11278
239,Mandy,La Victoria,mstivers6m@meetup.com,44403
240,Willard,Andou,wfilchagin6n@163.com,51172
241,Roslyn,Cankuzo,redmundson6o@livejournal.com,14268
242,Gage,Hulan,gwastling6p@chronoengine.com,105085
243,Ingrim,Zhulebino,ivauls6q@sogou.com,15061
244,Jeffie,Shah Alam,jgiorgini6r@cargocollective.com,104346
245,Lezlie,Lanús,lgartery6s@xrea.com,45214
246,Genny,Pedro Sánchez,gtroyes6t@nbcnews.com,14521
247,Sheff,Recife,sdymidowski6u@gnu.org,96239
248,Reggy,Yunhe,rleathers6v@va.gov,14003
249,Merill,Pilar,mlinnemann6w@google.co.uk,39169
250,Ivory,Marseille,iface6x@marketwatch.com,19388
251,Silvie,Vila Nova Sintra,sutteridge6y@freewebs.com,133525
252,Sascha,Xingang,sdudding6z@vkontakte.ru,163213
253,Asia,Al Başrah,asaffell70@ameblo.jp,164419
254,Arda,Cochabamba,abarron71@jugem.jp,35935
255,Marilyn,Mranggen,mbranford72@shareasale.com,53642
256,Cliff,Shazhuang,crizzillo73@acquirethisname.com,20434
257,Ami,Tan-Tan,acoult74@nsw.gov.au,42541
258,Jennette,Chengxi,jtrenfield75@foxnews.com,50863
259,Abraham,Bankim,aworsham76@state.tx.us,27024
260,Chance,Padasuka,ckimpton77@behance.net,126111
261,Rand,Warung Wetan,rmacneely78@twitpic.com,69587
262,Valida,Barentu,vteale79@a8.net,54855
263,Yancy,Awar-awar,ydarnborough7a@tumblr.com,33255
264,Mendie,Igbaras,mhazelgrove7b@apache.org,148818
265,Udale,Tangga’an,uneenan7c@symantec.com,146807
266,Floria,Huiyi,fhouldey7d@trellian.com,17698
267,Alison,Cigarogol,agreder7e@a8.net,127123
268,Rhody,Saint-Jouan-des-Guérets,rdobbison7f@elpais.com,85866
269,Odelinda,Itaquaquecetuba,omathewes7g@kickstarter.com,92025
270,Koren,Valença do Douro,kfiennes7h@berkeley.edu,16371
271,Katerine,Kamennyye Potoki,kcolbrun7i@dell.com,12045
272,Izabel,Jiashi,ispyvye7j@last.fm,18599
273,Nap,Nikol’sk,ncree7k@buzzfeed.com,142960
274,Salomo,Bárrio,spoint7l@ihg.com,60352
275,Susanna,Kétou,sdubble7m@earthlink.net,153420
276,Jorrie,Pasir Mas,jhowtopreserve7n@linkedin.com,128165
277,Corissa,Yaozhuang,ctrengrove7o@godaddy.com,168331
278,Betsy,Cikupa,bwaldock7p@gravatar.com,104700
279,Joanie,Nancy,jdewolfe7q@uol.com.br,151303
280,Holmes,Cruzeiro,hechlin7r@linkedin.com,47226
281,Maryrose,Maiduguri,mkrebs7s@abc.net.au,70976
282,Deny,Totoras,dhacquel7t@over-blog.com,22330
283,Lari,Norton,lmcshirrie7u@harvard.edu,43696
284,Nikolaus,Zábřeh,nbendell7v@nytimes.com,44711
285,Fidelia,Jinhua,fkochlin7w@wix.com,155925
286,Chip,San Francisco,cjasiak7x@sphinn.com,80337
287,Ferris,Miyako,fjozef7y@wp.com,42664
288,Sherlocke,Dongyu,sduguid7z@answers.com,10490
289,Shana,Duncan,snardi80@cargocollective.com,34492
290,Lissa,Sartrouville,ltunney81@livejournal.com,148228
291,Wilbert,Mertert,wbrewer82@blogger.com,15295
292,Eddi,Agoncillo,edemcak83@ed.gov,141288
293,Concettina,Santa,cespinoza84@mediafire.com,55705
294,Eamon,Phú Thái,elerwill85@scientificamerican.com,147049
295,Alfons,Tairua,ahunn86@umich.edu,34305
296,Marya,Sezemice,mshilvock87@posterous.com,12821
297,Sena,Sindangsari,skeyme88@sitemeter.com,165363
298,Ibby,Tulsa,iburberye89@bluehost.com,44550
299,Friedrick,Zhuanqiang,fstandfield8a@de.vu,88578
300,Alessandro,Bum Bum,adunster8b@economist.com,30376
301,Linnet,Selmes,lwimlet8c@reference.com,99773
302,Vanda,Beidajie,vgranville8d@feedburner.com,146871
303,Ariadne,Zhuzuo,aanthes8e@answers.com,96213
304,Tamarah,Pérez,tdavison8f@storify.com,143756
305,Susette,Ketanggi,sproby8g@upenn.edu,33276
306,Arnuad,Benito Juarez,amaybey8h@t.co,54925
307,Martino,Tuncheng,mclampe8i@umn.edu,79884
308,Max,Yangshan,mgenever8j@nymag.com,135372
309,Winslow,Lamawalang,wgerrelts8k@de.vu,12661
310,Toby,Lingyuan,tbarrat8l@auda.org.au,37846
311,Fairleigh,An Naşr,fwoolpert8m@ihg.com,15554
312,Gifford,Jalālpur,gepperson8n@aol.com,71424
313,Ede,Issia,emattheis8o@tinypic.com,92204
314,Elga,Pivka,eshakesby8p@illinois.edu,83092
315,El,Juyuan,eburbage8q@biglobe.ne.jp,20769
316,Cullin,Muarabuliti,cjapp8r@friendfeed.com,83471
317,Bunny,Daniwato,bgreatham8s@ed.gov,87375
318,Hersh,Līkak,hraitie8t@sogou.com,148170
319,Tamarah,Cuba,trumsey8u@google.com.hk,20405
320,Ceciley,Pasargunung,cpipping8v@multiply.com,86287
321,Guillema,Potok Złoty,gstockney8w@hibu.com,110058
322,Cathryn,Bashtanka,cdavitashvili8x@odnoklassniki.ru,125445
323,Kimberly,Sadská,ktumielli8y@sitemeter.com,122511
324,Gillian,Sua,gmclaggan8z@elegantthemes.com,19209
325,Haskell,Khartsyz’k,hnisard90@wsj.com,91914
326,Minnaminnie,San Jose,mpeatt91@goo.ne.jp,121859
327,Massimo,Pocpo,mbrauns92@hexun.com,164442
328,Carmella,Blagodatnoye,cdyott93@biblegateway.com,24370
329,Kristien,Buenos Aires,kmcmackin94@washington.edu,128183
330,Cherilyn,Piedade,caspenlon95@naver.com,70216
331,Rachel,Mitsukaidō,rbanisch96@edublogs.org,144065
332,Kalle,Batutua,kstormouth97@vimeo.com,46862
333,Randall,Nashville,rabbati98@loc.gov,159239
334,Joella,Pokrzywnica,jdripps99@answers.com,10120
335,Svend,Guararema,ssafhill9a@apache.org,26367
336,Jodee,Pore,jskip9b@businessweek.com,104248
337,Alejandra,Ban Fang,ahughson9c@tumblr.com,58105
338,Marina,Landskrona,mjefferson9d@cloudflare.com,27900
339,Bobette,Tarrafal de São Nicolau,bturbat9e@imageshack.us,98532
340,Jaclyn,Kanie,jkobu9f@ifeng.com,81937
341,Sigismundo,Tambillo,sdubber9g@mapquest.com,22561
342,Raynor,Montceau-les-Mines,rvearncombe9h@phpbb.com,22683
343,Andrew,Xiaoyi,apfeffer9i@netscape.com,139470
344,Nobe,Guji,nmannooch9j@yale.edu,36647
345,Margarete,Badaogu,mireson9k@4shared.com,79597
346,Jeffie,Rāvar,jyeowell9l@marketwatch.com,161588
347,Pru,Leuwihalang,pthirlwell9m@homestead.com,88645
348,Vivia,Jönköping,vchaffer9n@zimbio.com,93280
349,Beryle,Świdwin,bamor9o@so-net.ne.jp,50375
350,Svend,Cáceres,slucas9p@elpais.com,151951
351,Shelton,Hrazdan,strudgion9q@marketwatch.com,103348
352,Lin,Anjani Barat,lreally9r@wordpress.com,141793
353,Jack,Huskvarna,jmazey9s@wunderground.com,87691
354,Kaitlyn,Orléans,kneubigin9t@dedecms.com,168230
355,Nester,Wan’an,nrushton9u@csmonitor.com,119717
356,Benyamin,Liuxia,bshrimpton9v@washingtonpost.com,70272
357,Oneida,Lengshuijing,ogoalley9w@amazonaws.com,152319
358,Anna-diane,Iłowo -Osada,aattwell9x@aboutads.info,109990
359,Kaila,Caxito,kpevsner9y@weibo.com,26912
360,Charmian,Varberg,cdineen9z@ed.gov,93392
361,Christiana,Beiyuan,cfeavearyeara0@nasa.gov,89118
362,Simmonds,Puerto Santander,sfrantza1@cnn.com,49573
363,Marietta,Sukoanyar,mtroopa2@opensource.org,53183
364,Kristin,Oslo,kmelloya3@histats.com,123367
365,Erinna,Dadong’ao,efranzela4@diigo.com,134254
366,Lishe,Yamango,lgreadera5@nbcnews.com,77298
367,Waiter,Cabañas,warnsona6@bbc.co.uk,16544
368,Wash,Sumberrejo,wbriara7@statcounter.com,75606
369,Rozalie,Limen,rbilberya8@telegraph.co.uk,111904
370,Britte,Nagornyy,beburnea9@reverbnation.com,70311
371,Edik,Khorol,eathertonaa@acquirethisname.com,30225
372,Skipper,Inčukalns,sscuseab@nymag.com,168651
373,Jessalyn,Duqiao,jfrankishac@cnbc.com,166476
374,Laurence,Khok Sung,llevettad@bloglovin.com,78141
375,Sascha,La Gi,scrockleyae@symantec.com,82082
376,Roxine,Krajan,rschwandermannaf@paypal.com,91141
377,Johnny,Nai Harn,jdelongag@economist.com,127223
378,Reuben,Futuroscope,rkobierraah@statcounter.com,118566
379,Ruben,Pangascasan,rcavyai@loc.gov,117433
380,Maressa,Souran,mpreshousaj@apache.org,38689
381,Blanche,Saitama,btriponak@squidoo.com,109123
382,Alaine,Zouma,aosipenkoal@exblog.jp,88689
383,Roz,Cachadinha,rsynanam@51.la,49538
384,Hester,Itsandzéni,hbroadbearan@ezinearticles.com,129844
385,Shalom,Victoria,smelendezao@typepad.com,56556
386,Hube,Tamana,hnicholsonap@wordpress.org,155780
387,Cristian,Bīr Zayt,cbuskeaq@blog.com,48145
388,Saundra,Lodhrān,sfarnishar@list-manage.com,34103
389,Morissa,Tupaciguara,mhellsdonas@mail.ru,65495
390,Rockwell,Khlong Toei,rgiorgioniat@archive.org,66720
391,Erasmus,Ede,eknutsenau@mozilla.com,165662
392,Bonnie,Skënderbegas,bbaversorav@addthis.com,106696
393,Kendra,Uhlove,ktumiltyaw@sourceforge.net,157050
394,Wilhelmine,Mogzon,wniceax@house.gov,122150
395,Chrystel,Olo,cdelacoteay@wunderground.com,116353
396,Casey,Paris 11,cliddelaz@chicagotribune.com,158758
397,Zoe,Meziměstí,zjeuneb0@booking.com,162122
398,Benji,Kajan,btremmilb1@about.me,140761
399,Vivien,Barra Bonita,vjacobb2@vimeo.com,152946
400,Dionne,Sandgerði,dveldenb3@smugmug.com,74167
401,Francene,Bajingmeduro,fbrasseurb4@photobucket.com,162237
402,Cyndy,Breda,cdooheyb5@gmpg.org,61699
403,Terese,Samobor,tandreib6@army.mil,163198
404,Tony,Aoji-ri,tkendrickb7@google.co.uk,72573
405,Herbert,Shuangxi,hjarreltb8@hexun.com,148633
406,Grace,Pedaringan,gdrummondb9@hubpages.com,72517
407,Ramonda,Hong Kong,rgillmanba@un.org,44501
408,Sharl,Vicente Guerrero,sdrescherbb@networkadvertising.org,114580
409,Portie,Lincoln,pscoltsbc@dmoz.org,164807
410,Walt,Abū Ghaush,wkarpovbd@wikia.com,110167
411,Shaylah,Sakai,smiddasbe@ted.com,23552
412,Gerrie,Prakhon Chai,gkleinertbf@delicious.com,87201
413,Joellyn,Zaplavnoye,jpoxonbg@sun.com,136745
414,Nannie,Daminggong,nchamneybh@answers.com,121129
415,Earlie,Laurel,edurandbi@newyorker.com,108118
416,Aleda,Al Jafr,ahaselgrovebj@cbsnews.com,162711
417,Rodd,Rueil-Malmaison,rmcgiveenbk@timesonline.co.uk,56644
418,Zonda,Vuka,zantleybl@prweb.com,100602
419,Ulrika,Tsubata,ubousteadbm@va.gov,142528
420,Robbie,Castelnaudary,rarnouldbn@china.com.cn,77674
421,Kasey,Sayḩūt,kfawbertbo@deviantart.com,136834
422,Koralle,El Carmen,kjeaycockbp@weather.com,86276
423,Fern,Kalugmanan,fmcdermidbq@loc.gov,93119
424,Codee,Lucapon,cellerybr@youtube.com,152939
425,Elspeth,Skulsk,eharsentbs@phpbb.com,63737
426,Callean,Leribe,cfontbt@t.co,69396
427,Grantley,Piedecuesta,ghumpagebu@tuttocitta.it,74666
428,Monro,Vranisht,mbarkworthbv@pinterest.com,63498
429,Elisabetta,Palmas,edevobw@comsenz.com,107276
430,Ches,Rajhrad,cwhittleseabx@purevolume.com,88870
431,Natividad,Al Khamīs,nwarrickby@marriott.com,24406
432,Krysta,Purda,kkorneichikbz@census.gov,111808
433,Joella,Mainri,jtegginc0@is.gd,168289
434,Creight,Tiegai,cstammirsc1@lulu.com,138986
435,Teddy,Guji,tmiccoc2@apache.org,19869
436,Audy,Serzedelo,asedmanc3@aboutads.info,149643
437,Norbie,Muan,nstukingsc4@statcounter.com,161251
438,Britteny,Tufang,bcoonanc5@marriott.com,131607
439,Kathi,Huanghuai,kkanwellc6@devhub.com,94628
440,Sallee,Nkandla,stotherc7@businesswire.com,120134
441,Fanchette,Montaneza,ftaberc8@state.gov,24190
442,Brady,Betania,bsheardsc9@ftc.gov,135820
443,Bertram,Changhan,brenfieldca@mozilla.com,23770
444,Flint,Gao,femigcb@opensource.org,83704
445,Sarine,Tomobe,sstovincc@skyrock.com,52516
446,Salomi,Al Fayyūm,sgurradocd@ebay.com,67088
447,Ardisj,Dek’emhāre,adudgeonce@dagondesign.com,90758
448,Garrott,Xinhuang,gbadamcf@google.cn,115496
449,Alan,Changfeng,alystoncg@arizona.edu,98144
450,Spense,Agusan,schampneysch@msu.edu,140334
451,Elicia,Tilburg,ejobinci@ucsd.edu,101762
452,Loretta,Dom Pedrito,lsketchleycj@huffingtonpost.com,144286
453,Valencia,Saint-Claude,vhullinck@parallels.com,55622
454,Eden,Popil'nya,ebeumantcl@mayoclinic.com,137924
455,Roddie,Tabango,rashenhurstcm@stumbleupon.com,114148
456,Suki,Gelatik,strumpetercn@cbslocal.com,33466
457,Kial,Nyrob,koverstallco@indiegogo.com,57568
458,Carlynn,Ḥurfeish,cfurzecp@sfgate.com,81625
459,Aland,Benito Juarez,asercombecq@state.tx.us,136679
460,Harley,Šumperk,hgenneycr@purevolume.com,149632
461,Delia,Tanglag,dsalisburycs@prweb.com,78257
462,Simon,Imtarfa,spochetct@blog.com,21744
463,Pepillo,Cibaregbeg Dua,pdalmeidacu@plala.or.jp,123928
464,Juliana,Inuotose,jmckeatingcv@utexas.edu,80200
465,Bianka,Weishan,boloshincw@state.gov,56769
466,Mirabelle,Priargunsk,mbarrettcx@joomla.org,83578
467,Pascal,Pergamino,pkefordcy@odnoklassniki.ru,140002
468,Tonya,Wang Noi,tsymmerscz@feedburner.com,21264
469,Arley,N'Djamena,aspranklingd0@bbc.co.uk,68173
470,Kellyann,Uthai Thani,kenneverd1@cam.ac.uk,155928
471,Gerhardine,Kvasice,gsimnerd2@aol.com,20995
472,Noella,Salto de Pirapora,nduberryd3@answers.com,142480
473,Palmer,Xiaojin,phendrikd4@themeforest.net,158368
474,Nara,Kuala Lumpur,nbraunsd5@angelfire.com,159007
475,Leisha,Gweedore,lbailied6@go.com,46160
476,Eadith,Shpola,eseillerd7@sciencedaily.com,32336
477,Hedi,Dębowiec,hrosenfeldd8@ca.gov,70745
478,Alysa,Reforma,abadend9@amazon.com,58479
479,Marty,Bicaj,msachnoda@usa.gov,78224
480,Bebe,Wonokromo,bgrosedb@g.co,98877
481,Ermina,Hewan,esmalleydc@umich.edu,164426
482,Yvor,Stefanavíkion,ycarluccidd@smugmug.com,107238
483,Vanessa,Liujiagou,vferonetde@goo.gl,144127
484,Enid,São Lourenço do Sul,ewriterdf@rakuten.co.jp,93157
485,Murdoch,Báguanos,mlivingstondg@wikimedia.org,120060
486,Maryellen,Bayan Qagan,mvinealldh@mozilla.com,92505
487,Roby,Pithoro,rbraydi@nifty.com,107070
488,Mose,Torsås,mgainedj@yahoo.co.jp,150729
489,Diandra,Huaminglou,dsidwickdk@sogou.com,80054
490,Oralle,Grybów,odevuystdl@ibm.com,158630
491,Sheffy,Tha Muang,sgrizarddm@sbwire.com,162834
492,Aurel,Lengshuitan,akorejsdn@cbc.ca,71879
493,Jeannette,Ketapang,jfrazierdo@t.co,152994
494,Craig,Jingu,cbelindp@amazon.com,114720
495,Hugues,Antony,hhoyesdq@slideshare.net,108862
496,Candice,Ampera,csugdendr@ovh.net,42134
497,Delinda,Huata,dlindsleyds@reverbnation.com,10734
498,Cedric,Yonghe,ccraigheaddt@loc.gov,20988
499,Ettore,Tuqiao,emenaultdu@europa.eu,120269
500,Nevil,Colonia Elía,ngodarddv@vistaprint.com,137854
501,Kenny,Luján de Cuyo,klukeschdw@phpbb.com,78936
502,Ashil,Kharabali,aecclestondx@tinypic.com,65660
503,Coletta,Partikan,cotsondy@moonfruit.com,86722
504,Ardith,Sukarama,abiggsdz@nytimes.com,95001
505,Sarette,Ambositra,sdarcye0@homestead.com,46883
506,Konstanze,Zarzis,krobothame1@sphinn.com,124261
507,Cherice,Yandun,cglackene2@gnu.org,35526
508,Buiron,Khalīlābād,baslume3@com.com,47173
509,Clair,Little Baguio,cczadlae4@dedecms.com,44342
510,Boycie,Dayang,bgrunwalde5@nydailynews.com,95649
511,Hercules,Muke,hfitte6@constantcontact.com,130399
512,Merrie,Mojimán,mjanouse7@un.org,89963
513,Jeremie,Guandu,jcrombiee8@icq.com,97035
514,Zebedee,Lang,zthurlborne9@gnu.org,30206
515,Rolf,Fujioka,rbuschea@goodreads.com,49005
516,Cornell,Potchefstroom,canfonsieb@desdev.cn,161923
517,Henrietta,Јегуновце,hpenwrightec@imdb.com,71732
518,Elonore,Mompach,ecabenaed@umich.edu,113158
519,Orville,Jiazhuyuan,oboigee@usa.gov,126847
520,Ruthe,Dejen,rthriftef@aol.com,30489
521,Lizbeth,Bilopillya,lrodeneg@rambler.ru,139847
522,Talia,Leiyang,tpittleeh@eventbrite.com,11510
523,Lindsay,Makata,lcoppledikeei@globo.com,76617
524,Conny,Limbaan,cloyntonej@cnn.com,158018
525,Davida,Andahuaylas,dbagbyek@miitbeian.gov.cn,113475
526,Karlis,Kolambugan,kviversel@taobao.com,161395
527,Hastings,Banjar Sembunggede,hrandalstonem@smugmug.com,138658
528,Verla,Skórcz,vpieteschen@opera.com,23686
529,Cloe,Bilian,cwisdeneo@nps.gov,99179
530,Whitney,Trới,wdyep@sina.com.cn,114010
531,Noe,Monino,nwallbridgeeq@virginia.edu,149314
532,Lonnie,Soanierana Ivongo,llander@huffingtonpost.com,47244
533,Cicely,Changle,cfishes@com.com,45992
534,Kristos,Josefina,kpomphrettet@tinypic.com,123690
535,Jonis,Sihe,jclemeseu@shareasale.com,36859
536,Emera,Wu’erqihan,ebonsaleev@theatlantic.com,85099
537,Alie,Dawuhan,abolverew@cargocollective.com,145914
538,Bethena,Pedraza La Vieja,bbaystonex@paginegialle.it,151984
539,Broddie,Nanyo,bdukesburyey@drupal.org,64370
540,Teresa,Passos,ttitcombez@usda.gov,40005
541,Rahel,Maimará,rminettef0@nba.com,110481
542,Trstram,Yanshi,tnoicef1@toplist.cz,100074
543,Danila,Klumpit,dloomisf2@php.net,100180
544,Shayne,Banjarwaru,skubalaf3@sakura.ne.jp,155853
545,Tanitansy,Los Santos,tstoadef4@rediff.com,30543
546,Eveleen,Bārkhān,etremeerf5@npr.org,21985
547,Bobina,Daohe,bgorglf6@go.com,152619
548,Sanders,Ranong,sseilerf7@soundcloud.com,12970
549,Piper,Hodkovičky,pmcdougalf8@hp.com,44115
550,Dorelia,Stakhanov,dbrayleyf9@artisteer.com,126393
551,Jehu,Kalembutillu,johalloranfa@yelp.com,107577
552,Bunni,Yunfeng,bcamossofb@google.co.jp,141486
553,Mendy,Sentieiras,mborlandfc@imgur.com,87732
554,Willy,Minle,wgilcristfd@reuters.com,155428
555,Zandra,Rio do Sul,zdudlestonefe@google.co.jp,165849
556,Andie,Hailang,aebornff@naver.com,117383
557,Kassandra,Baton Rouge,kedesfg@icq.com,85890
558,Stan,Utarapasar,swiltshawfh@ocn.ne.jp,63133
559,Emanuele,Cocachacra,elayingfi@homestead.com,93099
560,Lib,Łubniany,lbruinsmafj@multiply.com,50426
561,Donnie,Las Palmas,dargentfk@engadget.com,108924
562,Vonnie,Dimona,vachurchfl@miibeian.gov.cn,26551
563,Melitta,Umeå,mullettfm@ca.gov,62719
564,Licha,Limoges,lcastelluzzifn@ning.com,159642
565,Antony,Vaxholm,ameaddowcroftfo@independent.co.uk,55896
566,Standford,Kano,sbaldifp@fc2.com,156373
567,Kata,Serrinha,kcranidgefq@time.com,101447
568,Romola,Diyarb Najm,rheinzelfr@trellian.com,108004
569,Penni,Ramat Gan,pmccreedyfs@umn.edu,152183
570,Lonee,Toyonaka,lschollickft@multiply.com,97981
571,Bartlet,Yangjiao,btwelvetreefu@auda.org.au,141319
572,Nap,Xinmin,nbarnewallfv@sbwire.com,123955
573,Halley,Kungsbacka,hnicefw@artisteer.com,114370
574,Zorah,Bang Yai,zcousenfx@senate.gov,155565
575,Dode,Coris,dvoadenfy@reverbnation.com,109893
576,Carmelle,Ressano Garcia,cturbardfz@earthlink.net,88649
577,Tina,Baliton,tkaysg0@utexas.edu,105403
578,Verene,Panjiang,vbovisg1@godaddy.com,55703
579,Marmaduke,Meylan,mcundyg2@zdnet.com,157081
580,Daniele,Petaẖ Tiqwa,djerming3@t-online.de,10571
581,Ahmed,Unidos,ahesselg4@tamu.edu,141214
582,Ariella,Michałów-Reginów,atitchardg5@imageshack.us,33043
583,Sileas,Tajur,sconsidineg6@dailymotion.com,87784
584,Mischa,Madrid,margabriteg7@reuters.com,155796
585,Randie,Herāt,rsalleirg8@stanford.edu,61779
586,Perl,Ural,ptheuffg9@trellian.com,71252
587,Kellsie,Vermil,kboswardga@github.com,96047
588,Mil,Wanfa,mallmarkgb@de.vu,119780
589,Talbot,Wonosobo,tfydogc@barnesandnoble.com,15865
590,Lydon,Augsburg,lgristgd@comsenz.com,24450
591,Wernher,Huishangang,wpidonge@tuttocitta.it,75119
592,Artie,Puerto Rico,apehrssongf@illinois.edu,58620
593,Allard,Kyzyl-Burun,akempstergg@unc.edu,75812
594,Clio,Yuhang,cshortergh@cdc.gov,133470
595,Dinah,Changyuan,dtreadawaygi@jalbum.net,41234
596,Daron,Purwasari,delintunegj@furl.net,150647
597,Wolfy,Jianping,wradkigk@cnet.com,50863
598,Waneta,Cabo de Vila,wblaisegl@zimbio.com,72959
599,Sterling,Chiara,srennebeckgm@amazon.com,134861
600,Marilyn,Suruhwadang,mguilaemgn@independent.co.uk,41760
601,Elora,Pasrūr,ehyltongo@jalbum.net,51854
602,Gonzalo,Humpolec,gcrundengp@mozilla.org,163064
603,Fianna,Barubandung,fmapamgq@nbcnews.com,19127
604,Madelin,Daniëlskuil,mkelwaygr@networksolutions.com,158417
605,Norry,Semboropasar,nlawlancegs@youtube.com,84421
606,Griffie,Luisiana,gedwinsongt@zimbio.com,100802
607,Felicdad,Sant Julià de Lòria,fbrazenorgu@squarespace.com,15124
608,Siobhan,Cabusao,sezelegv@hhs.gov,98318
609,Lyndsay,Oullins,lbarouxgw@tumblr.com,130664
610,Andreana,Xin’an,adevericksgx@acquirethisname.com,164428
611,Brady,Węgliniec,bsellekgy@icio.us,69359
612,Ashil,Itaperuçu,asussamsgz@zdnet.com,92115
613,Jackie,Matriz de Camaragibe,jcornthwaiteh0@feedburner.com,79497
614,Bili,Umeå,bscotth1@nbcnews.com,107949
615,Niko,Ngô Đồng,nbruninih2@slashdot.org,79360
616,Kristofer,Ripky,kbuddleighh3@technorati.com,165493
617,Ingra,Vargas,iwethh4@edublogs.org,72655
618,Calhoun,Cruz del Eje,cmarretth5@hugedomains.com,155365
619,Naoma,Kobylanka,nmacgaffeyh6@networkadvertising.org,43882
620,Taddeo,Dahe,tpittolih7@sourceforge.net,139462
621,Dorena,Nacka,djansonh8@comcast.net,109704
622,Arin,Plymouth,astammersh9@hc360.com,11232
623,Daloris,Guanlu,dsideryha@fema.gov,123388
624,Joye,El Rosario,jbubbinshb@naver.com,75226
625,Rustie,Malbug,rzealanderhc@joomla.org,126627
626,King,Bandar Seri Begawan,khauckhd@pcworld.com,143467
627,Dorothy,Tigbao,ddemeyerhe@joomla.org,75259
628,Conni,Baie-Saint-Paul,cfernehoughhf@networkadvertising.org,26280
629,Darice,Candelaria,dhearsehg@ocn.ne.jp,81478
630,Leroy,Sadao,lshowlerhh@chron.com,160989
631,Allyn,Duantan,asiberryhi@reverbnation.com,95132
632,Donalt,Kassándreia,dkemmishj@yellowpages.com,23261
633,Tyler,Hvar,tlindlhk@bloglovin.com,167056
634,Aurlie,Archángelos,agipphl@nytimes.com,142127
635,Pegeen,Bulgan,pgarronhm@wisc.edu,121301
636,Ruperto,Acarí,rtyzackhn@nifty.com,91595
637,Gino,Khŭjand,gkincaidho@umich.edu,33569
638,Bert,Koungheul,bdevohp@timesonline.co.uk,12919
639,Ingrid,Calape,ifeatherstonhalghhq@ning.com,91155
640,Kayle,Cana Chapetón,kbosworthhr@nsw.gov.au,26915
641,Jenine,Babakankiray,jtebbeths@devhub.com,54440
642,Sissie,Rodniki,sspinkeht@desdev.cn,133359
643,Dinah,Prámanta,ddominihu@ovh.net,41351
644,Moreen,Sorren Daya,mduckerhv@umn.edu,38821
645,Farley,Turośń Kościelna,fbrayfordhw@cocolog-nifty.com,134657
646,Paige,Tangzha,pwalkdenhx@wix.com,152061
647,Jackie,Lajeado,jabbothy@bandcamp.com,85202
648,Toni,Bergen,tmatissoffhz@weebly.com,29303
649,Cloris,Xia Dawo,cturki0@wired.com,158531
650,Agatha,Weitang,adufairei1@google.pl,81160
651,Deonne,Rudna,dscathardi2@photobucket.com,11285
652,Packston,Kitami,pfrankleni3@bloglovin.com,66434
653,Karisa,Liugou,kwrotchfordi4@nytimes.com,106956
654,Warner,Wucun,wbushei5@instagram.com,50065
655,Edi,Ledeunu,eendeani6@vinaora.com,113387
656,Archambault,Lasiana,astrivensi7@desdev.cn,50236
657,Junette,Sendangagung,jdoolei8@163.com,116764
658,Chantal,Cikiwul Satu,cgrinti9@mozilla.com,52323
659,Cacilia,Wutan,cbrideia@nps.gov,135869
660,Hynda,Al Jadīd,hroundib@bing.com,145133
661,Bancroft,Navan,bdaddowic@uiuc.edu,159707
662,Amble,Jeonju,agibbonsonid@fastcompany.com,151125
663,Fanya,Hoeyang,fgildersie@ed.gov,136881
664,Sunny,Jetis,spauleitif@jimdo.com,33849
665,Rodge,Kedungasem,rlasslettig@cbslocal.com,161016
666,Arabele,Karabudakhkent,afaireyih@bing.com,42441
667,Alene,Bagaces,akeeneyii@usatoday.com,87330
668,Wanids,Obukhiv,wmaidesij@cpanel.net,163008
669,Rowland,Seroa,rwickrathik@blog.com,118071
670,Deirdre,Baruunturuun,ddonativoil@odnoklassniki.ru,156550
671,Saidee,Hollywood,slagenim@cargocollective.com,155121
672,Floria,Pulong Sampalok,fbrinsdenin@issuu.com,148751
673,Lauren,Enniskerry,lgallehockio@trellian.com,95899
674,Saxon,Cigintung,syaneevip@woothemes.com,165144
675,Timmy,Pisarzowice,tikringilliq@photobucket.com,154577
676,Amos,Huangli,awillavoysir@hud.gov,49845
677,Lionello,Timmins,lcathelis@jigsy.com,73013
678,Brantley,Banjar Yehsatang,bmaxworthyit@cpanel.net,169274
679,Tucky,Argasari,tkesbyiu@cargocollective.com,81535
680,Dedra,La Poma,ddewickeiv@java.com,92965
681,Andreana,Yutsa,abirdsalliw@dmoz.org,27115
682,Jeffrey,Nazareth,jpoxsonix@discuz.net,32384
683,Emmit,Pinaring,edehooghiy@deviantart.com,166863
684,Alisa,Novomykolayivka,alibreyiz@google.nl,90057
685,Lexy,Kryevidh,lguesfordj0@howstuffworks.com,15883
686,Jenine,Stockholm,jmaskelynej1@bluehost.com,161394
687,Chrotoem,Lebu,cdillewayj2@csmonitor.com,90132
688,Melosa,Pokrovskoye,mwatkissj3@friendfeed.com,160338
689,Dev,Ōyama,dstangej4@fastcompany.com,50335
690,Milly,Villa Santa Rita,mgatecliffej5@youku.com,42193
691,Kris,Skrwilno,krandsj6@stumbleupon.com,75888
692,Chaddy,Tojeira,ckolakj7@toplist.cz,96103
693,Teodorico,Zykovo,tdedomenicoj8@storify.com,94375
694,Doro,Ad Dabbah,dconsterdinej9@state.gov,116548
695,Barron,Gatbo,bwilcocksja@xinhuanet.com,44441
696,Prudence,Kŭrdzhali,pkeytejb@privacy.gov.au,103890
697,Dulcia,East Angus,dbuddelljc@toplist.cz,134478
698,Rozanne,Erími,rtythejd@wisc.edu,111770
699,Panchito,Atengmelang,pdillingstonje@privacy.gov.au,31801
700,Sonya,Malinovoye Ozero,shackletonjf@unc.edu,43236
701,Gustaf,Fuyang,gfrainjg@sohu.com,77776
702,Mathilda,Noyal-sur-Vilaine,mdeverillejh@reverbnation.com,71095
703,Ezra,Candelaria,ebollomji@yahoo.co.jp,88277
704,Ula,Gorgoram,ubaldellijj@apple.com,108229
705,Zacharias,Praia de Mira,zkacheljk@google.cn,35767
706,Oran,San Pedro,omithonjl@imdb.com,91321
707,Wandis,Kudus,wchildesjm@aol.com,95971
708,Esteban,Göteborg,ewaldronjn@google.com.br,38550
709,Cory,Vigo,cdomelowjo@imgur.com,149086
710,Conchita,Dongshi,cjanosjp@nsw.gov.au,19718
711,Sukey,Salinas,swightmanjq@meetup.com,129806
712,Eleni,Maloyaroslavets,eellawayjr@youtube.com,130337
713,Delphine,Outeiro,dfulfordjs@ft.com,139069
714,Marietta,Hồ Xá,mramshayjt@mlb.com,41028
715,Brocky,Budzów,broozeju@chicagotribune.com,13121
716,Alford,Tuanjie,aboakesjv@bizjournals.com,31811
717,Shannon,Mount Frere,shakeyjw@dyndns.org,39810
718,Harrison,Dogarmo,hgandeyjx@php.net,164333
719,Brianna,Vetrino,bmcmenamyjy@usda.gov,42853
720,Matti,Urus-Martan,mwintersgilljz@bloglovin.com,157727
721,Orlando,Hajnówka,otejerok0@who.int,42008
722,Stavro,San Jose,swandtkek1@ca.gov,22500
723,Stepha,Daminggong,sperilliok2@hp.com,96233
724,Carl,Haoshui,cklawik3@reference.com,151736
725,Augustus,Pagsabangan,apietrik4@feedburner.com,42618
726,Alisun,Serednye Vodyane,afullagark5@about.com,33172
727,Marcille,Brämhult,mtrelevank6@nifty.com,57839
728,Randene,Coronel Martínez,rbonnavantk7@yellowbook.com,135042
729,Eddy,Chenjiaba,erockhallk8@bigcartel.com,166831
730,Reynolds,Tsaratanana,rhazemank9@stumbleupon.com,61255
731,Chelsy,Tartaro,chaugka@google.co.jp,61643
732,Vilma,Novopokrovka,valphonsokb@google.com.hk,143599
733,Patience,Kuching,pbridgekc@hc360.com,117895
734,Ernestine,Cikulina,erivlinkd@nba.com,87246
735,Cathryn,Jeberos,cdurberke@themeforest.net,48628
736,Devan,Zharkovskiy,dpaulmannkf@youku.com,104299
737,Delila,Yoshkar-Ola,dsabbinkg@taobao.com,50619
738,Clerkclaude,Kota Trieng,cbriteekh@smh.com.au,21468
739,Brody,Banbalah,bcurryerki@clickbank.net,66135
740,Florentia,Yuqian,fverteykj@huffingtonpost.com,78384
741,Tanny,Runting,tstanluckkk@dedecms.com,158058
742,Lorne,Bugko,lmatusovkl@mashable.com,151163
743,Lois,Macabugos,lmaylottkm@naver.com,157583
744,Lissie,Sekararum,lswainsburykn@livejournal.com,126959
745,Luce,Perpignan,lbasireko@twitter.com,148657
746,Adrien,Kambatatamakawu,ahassenkp@mashable.com,167812
747,Willdon,Pavlohrad,wmitskevichkq@spiegel.de,165613
748,Reilly,Kasonawejo,rornellskr@pinterest.com,127624
749,Erl,Pryluky,eseedhouseks@cnet.com,62943
750,Worthington,Campo Belo,wwiffieldkt@google.it,85928
751,Sargent,Bugang,sflementku@dagondesign.com,124515
752,Phillis,Tandahimba,pvenediktovkv@meetup.com,156726
753,Babs,Bohus,bdilkekw@istockphoto.com,131065
754,Grazia,Újezd,gastonkx@lycos.com,92468
755,Abigail,Jianxin,aklimmekky@fastcompany.com,84565
756,Timothee,Turośń Kościelna,tconantkz@fema.gov,48735
757,Franny,Sukolilo,fsyresl0@surveymonkey.com,166276
758,Cherice,Alto do Estanqueiro,cveaseyl1@google.pl,99861
759,Mirabella,São Luiz Gonzaga,mraithmilll2@amazon.de,57220
760,Ced,Shāzand,cbottlesonl3@apple.com,113881
761,Michele,Oenam,mleekl4@prnewswire.com,142302
762,Bran,Ambulong,bpinchesl5@salon.com,66118
763,Humphrey,Maojia,hashbornel6@blogger.com,148079
764,Shawnee,Planaltina,sdimitriel7@webmd.com,150432
765,Susanetta,Kukuna,ssemirasl8@hhs.gov,130837
766,Gonzalo,Rustāq,gbeazleighl9@cdc.gov,124009
767,Nate,Dongjiahe,nlaphamla@bluehost.com,133279
768,Ginni,Xinxi,gdaybornelb@amazon.com,162587
769,Ursala,Kaczory,uaikenheadlc@cnet.com,56924
770,Windham,Non Narai,wriddlerld@xrea.com,111728
771,Bendick,Buracan,bbyfieldle@tripod.com,58477
772,Robena,Locminé,rhenkenslf@hibu.com,121446
773,Mora,Navegantes,mfleeminglg@nba.com,105317
774,Gustav,Dangjiaxian,gcazaletlh@prweb.com,146763
775,Goddard,Ninomiya,gskivingtonli@sitemeter.com,37297
776,Murdock,Basel,mhaddackslj@bizjournals.com,162073
777,Ernestine,Yiqian,ewythelk@qq.com,23874
778,Nady,Mīzan Teferī,nkilmisterll@npr.org,57025
779,Barbra,Lanchyn,brudgerdlm@jigsy.com,143119
780,Devlen,Sumbersarikrajan,dyukhnevichln@wiley.com,79655
781,Halie,Singaparna,hdarnelllo@dedecms.com,77508
782,Reinhard,Kalatongke,rfeaviourlp@abc.net.au,90816
783,Manda,Mishixiang,mcarsslq@tamu.edu,38030
784,Annecorinne,Xinghua,awysomelr@weather.com,88531
785,Decca,Rosmalen,dgribbinsls@mlb.com,62638
786,Bertram,Kon Dơng,btantlt@upenn.edu,158886
787,Netta,Náklo,nboxelu@walmart.com,90695
788,Dre,Jāndiāla Sher Khān,dkestonlv@smugmug.com,145129
789,Janie,Tanahmerah,jdeamlw@godaddy.com,89109
790,Emmit,Quimistán,epenkethlx@boston.com,114755
791,Abrahan,Alcantara,aharnettyly@google.it,163158
792,Yalonda,Krasnomayskiy,ydupeylz@irs.gov,97729
793,Cristine,Songdong,ctompkinsm0@ameblo.jp,115197
794,Andrei,Palkovice,amclugaishm1@cbslocal.com,96638
795,Glenine,Naushahro Fīroz,gquixleym2@bigcartel.com,21282
796,Arel,Muñoz East,aedmondsonm3@nhs.uk,52608
797,Sigmund,Groningen,spawlikm4@i2i.jp,96866
798,Margaretta,Zheleznodorozhnyy,mbaudessonm5@nasa.gov,72884
799,Brandon,Polevskoy,bbainem6@ucoz.com,117768
800,Laurie,Serebryanyye Prudy,lhaggiem7@pbs.org,70123
801,Gray,Poitiers,gladlowm8@wix.com,163500
802,Even,Jaguaribe,ebrendishm9@hhs.gov,26485
803,Sherrie,Al Jamālīyah,slangleyma@wisc.edu,11642
804,Artemis,Moju,apoolmb@cnn.com,146279
805,Brig,Tallinn,brutgersmc@yale.edu,102805
806,Corine,Volodymyr-Volyns’kyy,cadamskimd@hibu.com,15630
807,Angy,Plataran,arobeirome@vistaprint.com,14889
808,Gauthier,Jajarkrajan,gmcglaughnmf@last.fm,68797
809,Jewell,Guider,jkohringmg@hud.gov,21023
810,Annabal,Lae,aoppiemh@example.com,106092
811,Melly,Biscucuy,mdarthmi@unicef.org,90428
812,Lorilyn,São Francisco,lpighillsmj@mediafire.com,87567
813,Rosabella,Panbang,rmcgeochmk@cpanel.net,88317
814,Johannah,Tualeu,jallsupml@whitehouse.gov,39840
815,Margit,Ouro Branco,mdalgetymm@blogs.com,141172
816,Leontyne,Lewotukan,lwilkissonmn@whitehouse.gov,136467
817,Roxanne,Balzar,rhampsonmo@hatena.ne.jp,163597
818,Lonnie,Chandmanĭ,ltourmp@goo.gl,135189
819,Marcelia,Kabarnet,mmarttmq@webmd.com,163979
820,Westbrooke,Sibagat,wmingardomr@addtoany.com,116509
821,Tove,Roanne,tacresms@blogspot.com,52433
822,Moria,Osório,mdamiatamt@seattletimes.com,141670
823,Inna,Pirallahı,idallowaymu@vinaora.com,146607
824,Vernen,Grenoble,vvreibergmv@auda.org.au,53979
825,Ossie,Jishi,ouzellimw@tmall.com,12547
826,Golda,Batiovo,gswynleymx@columbia.edu,129148
827,Noach,Batas Barat,ncarnamanmy@hubpages.com,80321
828,Darrin,‘Izbat al Burj,ddoonemz@blogspot.com,166029
829,Roda,Samut Songkhram,rmilingtonn0@scientificamerican.com,132820
830,Sophronia,Chengxiang,sorneblown1@php.net,40478
831,Melony,Seixas do Douro,mbarteln2@blogtalkradio.com,58669
832,Rania,Kupahandap,rearpn3@tmall.com,111173
833,Marcella,Santa María del Real,mfaccinin4@theatlantic.com,70638
834,Candie,Inawashiro,ckenenn5@facebook.com,70544
835,Pennie,Cẩm Phả,psoltann6@pagesperso-orange.fr,168207
836,Ellsworth,Moycullen,eevenettn7@biblegateway.com,10004
837,Nari,Itararé,nlaintonn8@hp.com,47408
838,Pepe,Tefé,pshalen9@nationalgeographic.com,167586
839,Roland,Uchkulan,rcoupmanna@ebay.com,84913
840,Sheridan,Donji Vakuf,swassonnb@joomla.org,150759
841,Matty,Vnorovy,mtomaskunasnc@networkadvertising.org,111087
842,Thadeus,Kebon,tfitzernd@bizjournals.com,83971
843,Lilllie,Porto Feliz,lrasperne@wikimedia.org,132281
844,Kaitlin,Le Pontet,kmilmorenf@hhs.gov,54960
845,Ellynn,Pegongan,edeightonng@independent.co.uk,167583
846,Tandie,Mulhouse,tgosalveznh@unc.edu,69673
847,Bidget,Kutorejo,bstrangwoodni@about.me,28484
848,Sib,Staryy Oskol,solufsennj@theglobeandmail.com,16266
849,Zebedee,Ganchazi,zbarradellnk@adobe.com,67287
850,Pearce,Kariya,pmadigannl@i2i.jp,80396
851,Rudolf,Xilai,rwarwickernm@gravatar.com,49367
852,Bonnibelle,Połajewo,bmcalindonnn@prlog.org,65022
853,Lev,Shebalino,lfleischerno@java.com,165685
854,Marnia,Piru,maismannp@youtube.com,158942
855,Amberly,Campamento,abesnardeaunq@si.edu,159336
856,Lyle,Candelaria,lmccaullnr@cbc.ca,142436
857,Bev,Shanguang,bblincowns@topsy.com,125675
858,Templeton,Independencia,tlilywhitent@scribd.com,15121
859,Rozella,Sanjiao,rstablernu@fotki.com,112850
860,Eddy,Kalān Deh,ehowlernv@businessweek.com,25251
861,Thadeus,Domaradz,tcrocknw@surveymonkey.com,15816
862,Boyd,Laoxialu,bbrundrettnx@dyndns.org,53519
863,Milzie,Batujaran,msondonny@forbes.com,15469
864,Isa,Kwatarkwashi,ibolvernz@cnet.com,31931
865,Jilly,Sirre,jhupkao0@seesaa.net,12912
866,Felipe,Moxi,fgarriqueo1@privacy.gov.au,106903
867,Nadine,Uliastay,nstilgoeo2@gov.uk,31530
868,Randy,Blagoveshchensk,rbreinleino3@flickr.com,110594
869,Casi,Hongxingqiao,crunnacleso4@senate.gov,132224
870,Ali,Mae Charim,anoello5@hao123.com,164145
871,Alberta,Blyznyuky,alealo6@wp.com,19853
872,Celine,Lafia,cmccombeo7@admin.ch,166287
873,Kip,Viimsi,kfylano8@nyu.edu,165799
874,Freddy,Reshetikha,fpiddletowno9@miibeian.gov.cn,123633
875,Tabby,Nartkala,tkegleyoa@jigsy.com,69352
876,Ilyssa,Słotowa,ilyfordob@surveymonkey.com,22010
877,Horace,Aksu,hpilburyoc@omniture.com,110805
878,Brooks,Igaraçu do Tietê,bgoodramod@cbslocal.com,127223
879,Karissa,Mazańcowice,kpatryoe@vimeo.com,129792
880,Marcie,Taiping,mbumbyof@nhs.uk,123381
881,Harmonie,Sebu,hbrucksteinog@cnn.com,85044
882,Thurstan,Yaté-Barrage,troacheoh@who.int,145013
883,Peadar,Vera Cruz,pbouzekoi@wisc.edu,41593
884,Austina,Contramaestre,amityakovoj@blinklist.com,165477
885,Constancy,Reno,cgouldok@simplemachines.org,11916
886,Aleda,Cengjia,akemmeyol@arstechnica.com,44750
887,Dyann,Lianhe,dlongfellowom@mysql.com,11667
888,Doe,Liuhe,dcamplingon@answers.com,165607
889,Riobard,Poggio di Chiesanuova,rhuddartoo@yahoo.com,99093
890,Dunstan,Meget,dbarlieop@cnn.com,130783
891,Cyb,Ilām,calsteroq@arizona.edu,86990
892,Dino,Yangwei,dlepardor@vistaprint.com,138163
893,Yehudit,Oeri’u,yocuolahanos@usda.gov,100430
894,Janos,Musanze,jtennetot@noaa.gov,157064
895,Marylynne,Frei Paulo,mfranzoliniou@upenn.edu,10007
896,Jabez,Troparëvo,jserfatiov@cbslocal.com,123362
897,Natassia,Karnice,nwylltow@pcworld.com,22109
898,Ronnie,Marisol,rderricoatox@army.mil,75461
899,Thebault,Wanzu,twestwoodoy@scribd.com,48960
900,Barn,Qiangqinxue,bmouldoz@wikimedia.org,54382
901,Gisella,Obukhiv,glathleiffurep0@cbslocal.com,79125
902,Mari,Kista,mmcclaryp1@tripadvisor.com,79584
903,Moyra,Sukomulyo,mpollerp2@reverbnation.com,162396
904,Sansone,Jõgeva,sdashp3@gov.uk,72626
905,Carolynn,Kasese,cconquestp4@dot.gov,162782
906,Thurstan,Santi Suk,tstaigp5@xinhuanet.com,151561
907,Florian,Trudobelikovskiy,fbrownsteinp6@smugmug.com,55612
908,Cathee,Kishkenekol’,cclowleyp7@com.com,154238
909,Charmian,Vila Velha de Ródão,cgianettinip8@webeden.co.uk,47380
910,Perceval,Skoczów,pchittockp9@digg.com,40050
911,Aleece,Hermanus,ahruskapa@soup.io,63513
912,Livy,Valle de La Pascua,ldaniellspb@cnet.com,120305
913,Karrie,Aco,kmccreapc@microsoft.com,35363
914,Nester,Jinshanzui,njackpd@gravatar.com,163153
915,Fanya,Villa Gesell,fanthiftlepe@goo.ne.jp,33902
916,Ray,Taipingxi,rgrewerpf@seattletimes.com,84621
917,Mandie,Jiulong,mmolandpg@google.pl,22718
918,Russell,Nytva,rpuseyph@elegantthemes.com,37430
919,Caritta,Sułoszowa,cferrynpi@sohu.com,126614
920,Zitella,Oslo,zmuckloepj@nbcnews.com,110797
921,Biddie,Landskrona,bwasielewskipk@wisc.edu,132350
922,Ninette,Belozërsk,nhalletpl@netlog.com,18492
923,Kirsten,Xinxu,kmedgewickpm@tumblr.com,157013
924,Lynea,Bellavista,lmaywoodpn@mit.edu,84534
925,Rafaellle,Sanshui,rtollowpo@purevolume.com,133750
926,Ailene,Cosmópolis,apendrichpp@europa.eu,135043
927,Ty,Xinmin,tkurdanipq@theguardian.com,147392
928,Cirstoforo,Kolmården,cferrerespr@ft.com,106434
929,Felita,Mencon,fheinickeps@washingtonpost.com,162861
930,Nicolais,Yangjiafang,nfilmerpt@fema.gov,142314
931,Benedikta,Cluses,bgleetonpu@wp.com,20506
932,Goldina,Ar Ramthā,gmurtellpv@deviantart.com,55484
933,Elna,Jaffna,edanburypw@odnoklassniki.ru,118353
934,Stacey,Mariara,sjorckepx@godaddy.com,91470
935,Matelda,Bergen,mmaccullochpy@privacy.gov.au,110538
936,Gilli,Nikhom Kham Soi,gocahernypz@buzzfeed.com,15004
937,Odette,Old Harbour Bay,opleagerq0@eepurl.com,56600
938,Theodor,Mar’ina Roshcha,thuntonq1@wikimedia.org,121576
939,Frasier,Loureiro,fconeybeareq2@nymag.com,72191
940,Ivie,Pilchowice,iaseeq3@ycombinator.com,13890
941,Sig,Gangshangji,skerriganq4@businesswire.com,146222
942,Joete,Atocha,jgatsbyq5@tuttocitta.it,98603
943,Janeta,Malinao,jpettisq6@mysql.com,14955
944,Camella,Shuizhai,cboynq7@chron.com,99481
945,Misty,Polonnaruwa,mhehlq8@japanpost.jp,132037
946,Amie,Kathmandu,acaigq9@webs.com,63143
947,Annora,Komsomol’skiy,abierlingqa@timesonline.co.uk,146771
948,Cordie,Mporokoso,cvedeneevqb@state.gov,125415
949,Eulalie,Xiangshan,eravenqc@dailymail.co.uk,32436
950,Malchy,Netanya,mvasishchevqd@webeden.co.uk,96176
951,Rik,Banjar Medura,ramorqe@sourceforge.net,99764
952,Tana,Laem Sing,tkenefordeqf@wordpress.org,42034
953,Olympie,Axioúpoli,osanneyqg@exblog.jp,126096
954,Lucy,Sukhirin,lbeatenqh@cnn.com,58618
955,Tabbatha,Ozatlán,tetridgeqi@blogtalkradio.com,167145
956,Augustus,Yunxi,aedwinsonqj@marriott.com,71142
957,Morganica,Pasanggrahan,mruzekqk@un.org,149240
958,Chrisy,Maguan,ceversonql@storify.com,12126
959,Jedidiah,Vårgårda,jwizqm@imdb.com,34384
960,Hailey,Yaozhuang,hdockertyqn@blogs.com,125800
961,Remy,Winston Salem,rcoxheadqo@sciencedirect.com,130010
962,Darbie,Xinhe,dmidsonqp@symantec.com,111122
963,Myrlene,Likiep,mbonusqq@meetup.com,36335
964,Julienne,Haibara,jsummersideqr@example.com,103570
965,Noam,Stamboliyski,nchristalqs@1und1.de,28547
966,Alwyn,Rocky Mountain House,aespinoyqt@phpbb.com,72697
967,Marie-jeanne,Santa Rosa de Cabal,mmackenziequ@tinypic.com,43937
968,Michal,Cibiru,mglandqv@buzzfeed.com,82891
969,Ali,Virden,ajozsefqw@twitter.com,87699
970,Laney,Villamontes,lterbruggenqx@ucla.edu,108615
971,Karlee,Gielniów,kwealleansqy@wsj.com,64235
972,Chantal,Jurva,cpickringqz@sbwire.com,91839
973,Deina,Sinuknipan,dguiraur0@a8.net,104159
974,Gunilla,Danglang Hudong,gklaessenr1@dailymail.co.uk,109528
975,Melamie,Vallegrande,mallicockr2@163.com,69620
976,Charisse,Santa María de Ipire,cweirr3@woothemes.com,26917
977,Olag,Zhaodong,omerrigansr4@army.mil,142288
978,Kali,Shedok,kdalzielr5@taobao.com,12195
979,Opal,Shuangtang,obainer6@hexun.com,158826
980,Jonathon,Zvishavane,jnutleyr7@bravesites.com,131987
981,Carolynn,Banyuresmi,cstockleyr8@ask.com,75988
982,Sim,Parabon,sreyer9@google.com.au,164768
983,Kristina,Colombia,kparfettra@blog.com,163356
984,Dennie,Ilinden,dballamrb@simplemachines.org,147135
985,Charissa,Pueblo Nuevo,crosebyrc@blogger.com,67101
986,Darrelle,Ágios Spyrídon,dcodnerrd@dailymotion.com,85577
987,Tildi,Fažana,tmcgintyre@forbes.com,135489
988,Abbe,Les Abymes,aaxfordrf@ask.com,86522
989,Natalina,Pacaembu,nrobezrg@bloomberg.com,132212
990,Gregor,Fuqiang,gimlackerh@wisc.edu,75064
991,Garnet,Siqiao,gcabellri@wordpress.org,149563
992,Shellysheldon,Qobustan,slancastlerj@wikimedia.org,52585
993,Lyell,Boticas,lobrallaghanrk@google.co.jp,48658
994,Chlo,Yujing,ccozbyrl@redcross.org,124098
995,Ardith,Pasirtujuhpuluh,agrellisrm@altervista.org,58583
996,Son,Židlochovice,sslaynyrn@google.it,21483
997,Armin,Tochigi,awyllisro@furl.net,52969
998,Sheridan,Pu’er,sbrungerrp@google.ca,41883
999,Bryanty,Borek Wielkopolski,bmolandrq@yelp.com,39483
1000,Marnie,Dobje pri Planini,mholmesrr@surveymonkey.com,119835
